case_index	case_id	title	anchor_x	anchor_y	anchor_z	observation_index	x	y	z	block_state	block_entity_snbt	expected_block_entity_snbt	placed	route	role	client_gate	notes
1	layout_triptych	FULL, SIMPLE, and PIECED corner selections	196	100	208	1	191	101	205	glassential:stone_glass			true	custom	FULL L corner		Three L-shaped same-ID groups each keep the diagonal air so the three installed Fusion layouts can be compared on the same geometry.
1	layout_triptych	FULL, SIMPLE, and PIECED corner selections	196	100	208	2	192	101	205	glassential:stone_glass			true	custom	FULL horizontal arm		Three L-shaped same-ID groups each keep the diagonal air so the three installed Fusion layouts can be compared on the same geometry.
1	layout_triptych	FULL, SIMPLE, and PIECED corner selections	196	100	208	3	191	102	205	glassential:stone_glass			true	custom	FULL vertical arm		Three L-shaped same-ID groups each keep the diagonal air so the three installed Fusion layouts can be compared on the same geometry.
1	layout_triptych	FULL, SIMPLE, and PIECED corner selections	196	100	208	4	192	102	205	minecraft:air			false	negative	FULL missing diagonal		Three L-shaped same-ID groups each keep the diagonal air so the three installed Fusion layouts can be compared on the same geometry.
1	layout_triptych	FULL, SIMPLE, and PIECED corner selections	196	100	208	5	195	101	205	glassential:glass_ethereal			true	custom	SIMPLE L corner		Three L-shaped same-ID groups each keep the diagonal air so the three installed Fusion layouts can be compared on the same geometry.
1	layout_triptych	FULL, SIMPLE, and PIECED corner selections	196	100	208	6	196	101	205	glassential:glass_ethereal			true	custom	SIMPLE horizontal arm		Three L-shaped same-ID groups each keep the diagonal air so the three installed Fusion layouts can be compared on the same geometry.
1	layout_triptych	FULL, SIMPLE, and PIECED corner selections	196	100	208	7	195	102	205	glassential:glass_ethereal			true	custom	SIMPLE vertical arm		Three L-shaped same-ID groups each keep the diagonal air so the three installed Fusion layouts can be compared on the same geometry.
1	layout_triptych	FULL, SIMPLE, and PIECED corner selections	196	100	208	8	196	102	205	minecraft:air			false	negative	SIMPLE missing diagonal		Three L-shaped same-ID groups each keep the diagonal air so the three installed Fusion layouts can be compared on the same geometry.
1	layout_triptych	FULL, SIMPLE, and PIECED corner selections	196	100	208	9	199	101	205	glassential:gravity_glass			true	custom	PIECED L corner		Three L-shaped same-ID groups each keep the diagonal air so the three installed Fusion layouts can be compared on the same geometry.
1	layout_triptych	FULL, SIMPLE, and PIECED corner selections	196	100	208	10	200	101	205	glassential:gravity_glass			true	custom	PIECED horizontal arm		Three L-shaped same-ID groups each keep the diagonal air so the three installed Fusion layouts can be compared on the same geometry.
1	layout_triptych	FULL, SIMPLE, and PIECED corner selections	196	100	208	11	199	102	205	glassential:gravity_glass			true	custom	PIECED vertical arm		Three L-shaped same-ID groups each keep the diagonal air so the three installed Fusion layouts can be compared on the same geometry.
1	layout_triptych	FULL, SIMPLE, and PIECED corner selections	196	100	208	12	200	102	205	minecraft:air			false	negative	PIECED missing diagonal		Three L-shaped same-ID groups each keep the diagonal air so the three installed Fusion layouts can be compared on the same geometry.
2	pane_topologies	Pane topology, vertical caps, and mixed-ID boundary	212	100	208	1	208	101	204	glassential:glass_ethereal_pane[east=false,north=false,south=true,waterlogged=false,west=false]			true	custom	straight lower north end	Compare vertical caps and the mixed-ID boundary with the exact 3.4.5 client.	The same fixture covers a two-layer straight stack, a mixed-ID L, and isolated T and cross networks with complete pane states.
2	pane_topologies	Pane topology, vertical caps, and mixed-ID boundary	212	100	208	2	208	101	205	glassential:glass_ethereal_pane[east=false,north=true,south=true,waterlogged=false,west=false]			true	custom	straight lower middle	Compare vertical caps and the mixed-ID boundary with the exact 3.4.5 client.	The same fixture covers a two-layer straight stack, a mixed-ID L, and isolated T and cross networks with complete pane states.
2	pane_topologies	Pane topology, vertical caps, and mixed-ID boundary	212	100	208	3	208	101	206	glassential:glass_ethereal_pane[east=false,north=true,south=false,waterlogged=false,west=false]			true	custom	straight lower south end	Compare vertical caps and the mixed-ID boundary with the exact 3.4.5 client.	The same fixture covers a two-layer straight stack, a mixed-ID L, and isolated T and cross networks with complete pane states.
2	pane_topologies	Pane topology, vertical caps, and mixed-ID boundary	212	100	208	4	208	102	204	glassential:glass_ethereal_pane[east=false,north=false,south=true,waterlogged=false,west=false]			true	custom	straight upper north end	Compare vertical caps and the mixed-ID boundary with the exact 3.4.5 client.	The same fixture covers a two-layer straight stack, a mixed-ID L, and isolated T and cross networks with complete pane states.
2	pane_topologies	Pane topology, vertical caps, and mixed-ID boundary	212	100	208	5	208	102	205	glassential:glass_ethereal_pane[east=false,north=true,south=true,waterlogged=false,west=false]			true	custom	straight upper middle	Compare vertical caps and the mixed-ID boundary with the exact 3.4.5 client.	The same fixture covers a two-layer straight stack, a mixed-ID L, and isolated T and cross networks with complete pane states.
2	pane_topologies	Pane topology, vertical caps, and mixed-ID boundary	212	100	208	6	208	102	206	glassential:glass_ethereal_pane[east=false,north=true,south=false,waterlogged=false,west=false]			true	custom	straight upper south end	Compare vertical caps and the mixed-ID boundary with the exact 3.4.5 client.	The same fixture covers a two-layer straight stack, a mixed-ID L, and isolated T and cross networks with complete pane states.
2	pane_topologies	Pane topology, vertical caps, and mixed-ID boundary	212	100	208	7	212	101	204	glassential:glass_ethereal_pane[east=false,north=false,south=true,waterlogged=false,west=false]			true	custom	mixed L north end	Compare vertical caps and the mixed-ID boundary with the exact 3.4.5 client.	The same fixture covers a two-layer straight stack, a mixed-ID L, and isolated T and cross networks with complete pane states.
2	pane_topologies	Pane topology, vertical caps, and mixed-ID boundary	212	100	208	8	212	101	205	glassential:glass_ethereal_pane[east=true,north=true,south=false,waterlogged=false,west=false]			true	custom	mixed L corner	Compare vertical caps and the mixed-ID boundary with the exact 3.4.5 client.	The same fixture covers a two-layer straight stack, a mixed-ID L, and isolated T and cross networks with complete pane states.
2	pane_topologies	Pane topology, vertical caps, and mixed-ID boundary	212	100	208	9	213	101	205	glassential:glass_dark_ethereal_pane[east=false,north=false,south=false,waterlogged=false,west=true]			true	custom	mixed L east end	Compare vertical caps and the mixed-ID boundary with the exact 3.4.5 client.	The same fixture covers a two-layer straight stack, a mixed-ID L, and isolated T and cross networks with complete pane states.
2	pane_topologies	Pane topology, vertical caps, and mixed-ID boundary	212	100	208	10	211	101	209	glassential:glass_ethereal_pane[east=true,north=false,south=false,waterlogged=false,west=false]			true	custom	T west end	Compare vertical caps and the mixed-ID boundary with the exact 3.4.5 client.	The same fixture covers a two-layer straight stack, a mixed-ID L, and isolated T and cross networks with complete pane states.
2	pane_topologies	Pane topology, vertical caps, and mixed-ID boundary	212	100	208	11	212	101	208	glassential:glass_ethereal_pane[east=false,north=false,south=true,waterlogged=false,west=false]			true	custom	T north end	Compare vertical caps and the mixed-ID boundary with the exact 3.4.5 client.	The same fixture covers a two-layer straight stack, a mixed-ID L, and isolated T and cross networks with complete pane states.
2	pane_topologies	Pane topology, vertical caps, and mixed-ID boundary	212	100	208	12	212	101	209	glassential:glass_ethereal_pane[east=true,north=true,south=false,waterlogged=false,west=true]			true	custom	T center	Compare vertical caps and the mixed-ID boundary with the exact 3.4.5 client.	The same fixture covers a two-layer straight stack, a mixed-ID L, and isolated T and cross networks with complete pane states.
2	pane_topologies	Pane topology, vertical caps, and mixed-ID boundary	212	100	208	13	213	101	209	glassential:glass_ethereal_pane[east=false,north=false,south=false,waterlogged=false,west=true]			true	custom	T east end	Compare vertical caps and the mixed-ID boundary with the exact 3.4.5 client.	The same fixture covers a two-layer straight stack, a mixed-ID L, and isolated T and cross networks with complete pane states.
2	pane_topologies	Pane topology, vertical caps, and mixed-ID boundary	212	100	208	14	216	101	209	glassential:glass_ethereal_pane[east=true,north=true,south=true,waterlogged=false,west=true]			true	custom	cross center	Compare vertical caps and the mixed-ID boundary with the exact 3.4.5 client.	The same fixture covers a two-layer straight stack, a mixed-ID L, and isolated T and cross networks with complete pane states.
2	pane_topologies	Pane topology, vertical caps, and mixed-ID boundary	212	100	208	15	216	101	208	glassential:glass_ethereal_pane[east=false,north=false,south=true,waterlogged=false,west=false]			true	custom	cross north end	Compare vertical caps and the mixed-ID boundary with the exact 3.4.5 client.	The same fixture covers a two-layer straight stack, a mixed-ID L, and isolated T and cross networks with complete pane states.
2	pane_topologies	Pane topology, vertical caps, and mixed-ID boundary	212	100	208	16	217	101	209	glassential:glass_ethereal_pane[east=false,north=false,south=false,waterlogged=false,west=true]			true	custom	cross east end	Compare vertical caps and the mixed-ID boundary with the exact 3.4.5 client.	The same fixture covers a two-layer straight stack, a mixed-ID L, and isolated T and cross networks with complete pane states.
2	pane_topologies	Pane topology, vertical caps, and mixed-ID boundary	212	100	208	17	216	101	210	glassential:glass_ethereal_pane[east=false,north=true,south=false,waterlogged=false,west=false]			true	custom	cross south end	Compare vertical caps and the mixed-ID boundary with the exact 3.4.5 client.	The same fixture covers a two-layer straight stack, a mixed-ID L, and isolated T and cross networks with complete pane states.
2	pane_topologies	Pane topology, vertical caps, and mixed-ID boundary	212	100	208	18	215	101	209	glassential:glass_ethereal_pane[east=true,north=false,south=false,waterlogged=false,west=false]			true	custom	cross west end	Compare vertical caps and the mixed-ID boundary with the exact 3.4.5 client.	The same fixture covers a two-layer straight stack, a mixed-ID L, and isolated T and cross networks with complete pane states.
3	slab_adjacency	Bottom, top, double, vertical, and waterlogged slabs	228	100	208	1	224	101	206	glassential:glass_slab[type=bottom,waterlogged=false]			true	custom	bottom run		Horizontal same-type runs terminate at doubles; the vertical pair touches across a top-to-bottom boundary; one isolated bottom slab is waterlogged.
3	slab_adjacency	Bottom, top, double, vertical, and waterlogged slabs	228	100	208	2	225	101	206	glassential:glass_slab[type=bottom,waterlogged=false]			true	custom	bottom run		Horizontal same-type runs terminate at doubles; the vertical pair touches across a top-to-bottom boundary; one isolated bottom slab is waterlogged.
3	slab_adjacency	Bottom, top, double, vertical, and waterlogged slabs	228	100	208	3	226	101	206	glassential:glass_slab[type=double,waterlogged=false]			true	custom	bottom-to-double boundary		Horizontal same-type runs terminate at doubles; the vertical pair touches across a top-to-bottom boundary; one isolated bottom slab is waterlogged.
3	slab_adjacency	Bottom, top, double, vertical, and waterlogged slabs	228	100	208	4	228	101	206	glassential:glass_slab[type=top,waterlogged=false]			true	custom	top run		Horizontal same-type runs terminate at doubles; the vertical pair touches across a top-to-bottom boundary; one isolated bottom slab is waterlogged.
3	slab_adjacency	Bottom, top, double, vertical, and waterlogged slabs	228	100	208	5	229	101	206	glassential:glass_slab[type=top,waterlogged=false]			true	custom	top run		Horizontal same-type runs terminate at doubles; the vertical pair touches across a top-to-bottom boundary; one isolated bottom slab is waterlogged.
3	slab_adjacency	Bottom, top, double, vertical, and waterlogged slabs	228	100	208	6	230	101	206	glassential:glass_slab[type=double,waterlogged=false]			true	custom	top-to-double boundary		Horizontal same-type runs terminate at doubles; the vertical pair touches across a top-to-bottom boundary; one isolated bottom slab is waterlogged.
3	slab_adjacency	Bottom, top, double, vertical, and waterlogged slabs	228	100	208	7	232	101	206	glassential:glass_slab[type=top,waterlogged=false]			true	custom	vertical lower top slab		Horizontal same-type runs terminate at doubles; the vertical pair touches across a top-to-bottom boundary; one isolated bottom slab is waterlogged.
3	slab_adjacency	Bottom, top, double, vertical, and waterlogged slabs	228	100	208	8	232	102	206	glassential:glass_slab[type=bottom,waterlogged=false]			true	custom	vertical upper bottom slab		Horizontal same-type runs terminate at doubles; the vertical pair touches across a top-to-bottom boundary; one isolated bottom slab is waterlogged.
3	slab_adjacency	Bottom, top, double, vertical, and waterlogged slabs	228	100	208	9	232	101	210	glassential:glass_slab[type=bottom,waterlogged=true]			true	custom	waterlogged bottom slab		Horizontal same-type runs terminate at doubles; the vertical pair touches across a top-to-bottom boundary; one isolated bottom slab is waterlogged.
4	colorable_blocks	Four colorable routes with exact tint and light behavior	196	100	224	1	192	101	222	glassential:colorable_glass[lit=false]	{Color:16711680,EmitLight:0b,EmitRedstone:0b,PassPlayer:0b,PassEntity:0b}		true	custom	clear cube red unlit	Confirm both cube routes remain untinted, both pane routes apply their four distinct tints, and all lit/unlit output matches the exact 3.4.5 client.	Every route persists an explicit 24-bit Color; exact Fusion 1.3.12 tints pane faces only, while cube faces remain untinted. EmitLight agrees with its lit state.
4	colorable_blocks	Four colorable routes with exact tint and light behavior	196	100	224	2	193	101	222	glassential:colorable_glass[lit=true]	{Color:65535,EmitLight:1b,EmitRedstone:0b,PassPlayer:0b,PassEntity:0b}		true	custom	clear cube cyan lit	Confirm both cube routes remain untinted, both pane routes apply their four distinct tints, and all lit/unlit output matches the exact 3.4.5 client.	Every route persists an explicit 24-bit Color; exact Fusion 1.3.12 tints pane faces only, while cube faces remain untinted. EmitLight agrees with its lit state.
4	colorable_blocks	Four colorable routes with exact tint and light behavior	196	100	224	3	195	101	222	glassential:colorable_stained_glass[lit=false]	{Color:65280,EmitLight:0b,EmitRedstone:0b,PassPlayer:0b,PassEntity:0b}		true	custom	stained cube green unlit	Confirm both cube routes remain untinted, both pane routes apply their four distinct tints, and all lit/unlit output matches the exact 3.4.5 client.	Every route persists an explicit 24-bit Color; exact Fusion 1.3.12 tints pane faces only, while cube faces remain untinted. EmitLight agrees with its lit state.
4	colorable_blocks	Four colorable routes with exact tint and light behavior	196	100	224	4	196	101	222	glassential:colorable_stained_glass[lit=true]	{Color:16776960,EmitLight:1b,EmitRedstone:0b,PassPlayer:0b,PassEntity:0b}		true	custom	stained cube yellow lit	Confirm both cube routes remain untinted, both pane routes apply their four distinct tints, and all lit/unlit output matches the exact 3.4.5 client.	Every route persists an explicit 24-bit Color; exact Fusion 1.3.12 tints pane faces only, while cube faces remain untinted. EmitLight agrees with its lit state.
4	colorable_blocks	Four colorable routes with exact tint and light behavior	196	100	224	5	198	101	222	glassential:colorable_glass_pane[east=false,north=false,south=true,waterlogged=false,west=false,lit=false]	{Color:8388736,EmitLight:0b,EmitRedstone:0b,PassPlayer:0b,PassEntity:0b}		true	custom	clear pane purple unlit	Confirm both cube routes remain untinted, both pane routes apply their four distinct tints, and all lit/unlit output matches the exact 3.4.5 client.	Every route persists an explicit 24-bit Color; exact Fusion 1.3.12 tints pane faces only, while cube faces remain untinted. EmitLight agrees with its lit state.
4	colorable_blocks	Four colorable routes with exact tint and light behavior	196	100	224	6	198	101	223	glassential:colorable_glass_pane[east=false,north=true,south=false,waterlogged=false,west=false,lit=true]	{Color:16744448,EmitLight:1b,EmitRedstone:0b,PassPlayer:0b,PassEntity:0b}		true	custom	clear pane orange lit	Confirm both cube routes remain untinted, both pane routes apply their four distinct tints, and all lit/unlit output matches the exact 3.4.5 client.	Every route persists an explicit 24-bit Color; exact Fusion 1.3.12 tints pane faces only, while cube faces remain untinted. EmitLight agrees with its lit state.
4	colorable_blocks	Four colorable routes with exact tint and light behavior	196	100	224	7	200	101	222	glassential:colorable_stained_glass_pane[east=false,north=false,south=true,waterlogged=false,west=false,lit=false]	{Color:255,EmitLight:0b,EmitRedstone:0b,PassPlayer:0b,PassEntity:0b}		true	custom	stained pane blue unlit	Confirm both cube routes remain untinted, both pane routes apply their four distinct tints, and all lit/unlit output matches the exact 3.4.5 client.	Every route persists an explicit 24-bit Color; exact Fusion 1.3.12 tints pane faces only, while cube faces remain untinted. EmitLight agrees with its lit state.
4	colorable_blocks	Four colorable routes with exact tint and light behavior	196	100	224	8	200	101	223	glassential:colorable_stained_glass_pane[east=false,north=true,south=false,waterlogged=false,west=false,lit=true]	{Color:16711935,EmitLight:1b,EmitRedstone:0b,PassPlayer:0b,PassEntity:0b}		true	custom	stained pane magenta lit	Confirm both cube routes remain untinted, both pane routes apply their four distinct tints, and all lit/unlit output matches the exact 3.4.5 client.	Every route persists an explicit 24-bit Color; exact Fusion 1.3.12 tints pane faces only, while cube faces remain untinted. EmitLight agrees with its lit state.
5	one_way_mimics	One-way orientation and stock mimic swatches	212	100	224	1	208	101	222	glassential:one_way_glass[opaque_face=south]	{Mimic:"minecraft:stone"}		true	custom	clear one-way south stone	Orbit every opaque face and compare material/tint delegation plus malformed-to-iron normalization with the exact 3.4.5 client.	Five one-way blocks cover horizontal and vertical opaque faces. Adjacent swatches lock static, texture-colored, and biome-tinted default-state mimics.
5	one_way_mimics	One-way orientation and stock mimic swatches	212	100	224	2	208	101	224	minecraft:stone			true	stock	static stone mimic swatch	Orbit every opaque face and compare material/tint delegation plus malformed-to-iron normalization with the exact 3.4.5 client.	Five one-way blocks cover horizontal and vertical opaque faces. Adjacent swatches lock static, texture-colored, and biome-tinted default-state mimics.
5	one_way_mimics	One-way orientation and stock mimic swatches	212	100	224	3	211	101	222	glassential:one_way_glass[opaque_face=east]	{Mimic:"minecraft:grass_block"}		true	custom	clear one-way east grass	Orbit every opaque face and compare material/tint delegation plus malformed-to-iron normalization with the exact 3.4.5 client.	Five one-way blocks cover horizontal and vertical opaque faces. Adjacent swatches lock static, texture-colored, and biome-tinted default-state mimics.
5	one_way_mimics	One-way orientation and stock mimic swatches	212	100	224	4	211	101	224	minecraft:grass_block[snowy=false]			true	stock	biome-tinted grass mimic swatch	Orbit every opaque face and compare material/tint delegation plus malformed-to-iron normalization with the exact 3.4.5 client.	Five one-way blocks cover horizontal and vertical opaque faces. Adjacent swatches lock static, texture-colored, and biome-tinted default-state mimics.
5	one_way_mimics	One-way orientation and stock mimic swatches	212	100	224	5	214	101	222	glassential:tinted_one_way_glass[opaque_face=up]	{Mimic:"minecraft:oak_leaves"}		true	custom	tinted one-way up leaves	Orbit every opaque face and compare material/tint delegation plus malformed-to-iron normalization with the exact 3.4.5 client.	Five one-way blocks cover horizontal and vertical opaque faces. Adjacent swatches lock static, texture-colored, and biome-tinted default-state mimics.
5	one_way_mimics	One-way orientation and stock mimic swatches	212	100	224	6	214	101	224	minecraft:oak_leaves[distance=7,persistent=false,waterlogged=false]			true	stock	biome-tinted leaves mimic swatch	Orbit every opaque face and compare material/tint delegation plus malformed-to-iron normalization with the exact 3.4.5 client.	Five one-way blocks cover horizontal and vertical opaque faces. Adjacent swatches lock static, texture-colored, and biome-tinted default-state mimics.
5	one_way_mimics	One-way orientation and stock mimic swatches	212	100	224	7	217	101	222	glassential:tinted_one_way_glass[opaque_face=north]	{Mimic:"minecraft:red_stained_glass"}		true	custom	tinted one-way north red glass	Orbit every opaque face and compare material/tint delegation plus malformed-to-iron normalization with the exact 3.4.5 client.	Five one-way blocks cover horizontal and vertical opaque faces. Adjacent swatches lock static, texture-colored, and biome-tinted default-state mimics.
5	one_way_mimics	One-way orientation and stock mimic swatches	212	100	224	8	217	101	224	minecraft:red_stained_glass			true	custom	texture-colored glass mimic swatch	Orbit every opaque face and compare material/tint delegation plus malformed-to-iron normalization with the exact 3.4.5 client.	Five one-way blocks cover horizontal and vertical opaque faces. Adjacent swatches lock static, texture-colored, and biome-tinted default-state mimics.
5	one_way_mimics	One-way orientation and stock mimic swatches	212	100	224	9	208	101	226	glassential:one_way_glass[opaque_face=west]	{Mimic:"not a valid id"}	{Mimic:"minecraft:iron_block"}	true	custom	malformed mimic canonicalizes to iron	Orbit every opaque face and compare material/tint delegation plus malformed-to-iron normalization with the exact 3.4.5 client.	Five one-way blocks cover horizontal and vertical opaque faces. Adjacent swatches lock static, texture-colored, and biome-tinted default-state mimics.
5	one_way_mimics	One-way orientation and stock mimic swatches	212	100	224	10	208	101	228	minecraft:iron_block			true	stock	malformed-mimic iron fallback swatch	Orbit every opaque face and compare material/tint delegation plus malformed-to-iron normalization with the exact 3.4.5 client.	Five one-way blocks cover horizontal and vertical opaque faces. Adjacent swatches lock static, texture-colored, and biome-tinted default-state mimics.
6	overrides_and_controls	Eighteen vanilla overrides and stock-path controls	228	100	224	1	223	101	220	minecraft:glass			true	custom	exact vanilla cube override		The palette contains every exact vanilla cube override. The final row keeps representative Glassential and vanilla stock paths beside it.
6	overrides_and_controls	Eighteen vanilla overrides and stock-path controls	228	100	224	2	225	101	220	minecraft:tinted_glass			true	custom	exact vanilla cube override		The palette contains every exact vanilla cube override. The final row keeps representative Glassential and vanilla stock paths beside it.
6	overrides_and_controls	Eighteen vanilla overrides and stock-path controls	228	100	224	3	227	101	220	minecraft:white_stained_glass			true	custom	exact vanilla cube override		The palette contains every exact vanilla cube override. The final row keeps representative Glassential and vanilla stock paths beside it.
6	overrides_and_controls	Eighteen vanilla overrides and stock-path controls	228	100	224	4	229	101	220	minecraft:orange_stained_glass			true	custom	exact vanilla cube override		The palette contains every exact vanilla cube override. The final row keeps representative Glassential and vanilla stock paths beside it.
6	overrides_and_controls	Eighteen vanilla overrides and stock-path controls	228	100	224	5	231	101	220	minecraft:magenta_stained_glass			true	custom	exact vanilla cube override		The palette contains every exact vanilla cube override. The final row keeps representative Glassential and vanilla stock paths beside it.
6	overrides_and_controls	Eighteen vanilla overrides and stock-path controls	228	100	224	6	233	101	220	minecraft:light_blue_stained_glass			true	custom	exact vanilla cube override		The palette contains every exact vanilla cube override. The final row keeps representative Glassential and vanilla stock paths beside it.
6	overrides_and_controls	Eighteen vanilla overrides and stock-path controls	228	100	224	7	223	101	222	minecraft:yellow_stained_glass			true	custom	exact vanilla cube override		The palette contains every exact vanilla cube override. The final row keeps representative Glassential and vanilla stock paths beside it.
6	overrides_and_controls	Eighteen vanilla overrides and stock-path controls	228	100	224	8	225	101	222	minecraft:lime_stained_glass			true	custom	exact vanilla cube override		The palette contains every exact vanilla cube override. The final row keeps representative Glassential and vanilla stock paths beside it.
6	overrides_and_controls	Eighteen vanilla overrides and stock-path controls	228	100	224	9	227	101	222	minecraft:pink_stained_glass			true	custom	exact vanilla cube override		The palette contains every exact vanilla cube override. The final row keeps representative Glassential and vanilla stock paths beside it.
6	overrides_and_controls	Eighteen vanilla overrides and stock-path controls	228	100	224	10	229	101	222	minecraft:gray_stained_glass			true	custom	exact vanilla cube override		The palette contains every exact vanilla cube override. The final row keeps representative Glassential and vanilla stock paths beside it.
6	overrides_and_controls	Eighteen vanilla overrides and stock-path controls	228	100	224	11	231	101	222	minecraft:light_gray_stained_glass			true	custom	exact vanilla cube override		The palette contains every exact vanilla cube override. The final row keeps representative Glassential and vanilla stock paths beside it.
6	overrides_and_controls	Eighteen vanilla overrides and stock-path controls	228	100	224	12	233	101	222	minecraft:cyan_stained_glass			true	custom	exact vanilla cube override		The palette contains every exact vanilla cube override. The final row keeps representative Glassential and vanilla stock paths beside it.
6	overrides_and_controls	Eighteen vanilla overrides and stock-path controls	228	100	224	13	223	101	224	minecraft:purple_stained_glass			true	custom	exact vanilla cube override		The palette contains every exact vanilla cube override. The final row keeps representative Glassential and vanilla stock paths beside it.
6	overrides_and_controls	Eighteen vanilla overrides and stock-path controls	228	100	224	14	225	101	224	minecraft:blue_stained_glass			true	custom	exact vanilla cube override		The palette contains every exact vanilla cube override. The final row keeps representative Glassential and vanilla stock paths beside it.
6	overrides_and_controls	Eighteen vanilla overrides and stock-path controls	228	100	224	15	227	101	224	minecraft:brown_stained_glass			true	custom	exact vanilla cube override		The palette contains every exact vanilla cube override. The final row keeps representative Glassential and vanilla stock paths beside it.
6	overrides_and_controls	Eighteen vanilla overrides and stock-path controls	228	100	224	16	229	101	224	minecraft:green_stained_glass			true	custom	exact vanilla cube override		The palette contains every exact vanilla cube override. The final row keeps representative Glassential and vanilla stock paths beside it.
6	overrides_and_controls	Eighteen vanilla overrides and stock-path controls	228	100	224	17	231	101	224	minecraft:red_stained_glass			true	custom	exact vanilla cube override		The palette contains every exact vanilla cube override. The final row keeps representative Glassential and vanilla stock paths beside it.
6	overrides_and_controls	Eighteen vanilla overrides and stock-path controls	228	100	224	18	233	101	224	minecraft:black_stained_glass			true	custom	exact vanilla cube override		The palette contains every exact vanilla cube override. The final row keeps representative Glassential and vanilla stock paths beside it.
6	overrides_and_controls	Eighteen vanilla overrides and stock-path controls	228	100	224	19	223	102	220	minecraft:glass			true	custom	same-ID vanilla override connection		The palette contains every exact vanilla cube override. The final row keeps representative Glassential and vanilla stock paths beside it.
6	overrides_and_controls	Eighteen vanilla overrides and stock-path controls	228	100	224	20	223	101	227	glassential:glass_door[facing=north,half=lower,hinge=left,open=false,powered=false]			true	stock	stock Glassential door lower		The palette contains every exact vanilla cube override. The final row keeps representative Glassential and vanilla stock paths beside it.
6	overrides_and_controls	Eighteen vanilla overrides and stock-path controls	228	100	224	21	223	102	227	glassential:glass_door[facing=north,half=upper,hinge=left,open=false,powered=false]			true	stock	stock Glassential door upper		The palette contains every exact vanilla cube override. The final row keeps representative Glassential and vanilla stock paths beside it.
6	overrides_and_controls	Eighteen vanilla overrides and stock-path controls	228	100	224	22	225	101	227	glassential:glass_trapdoor[facing=north,half=bottom,open=false,powered=false,waterlogged=false]			true	stock	stock Glassential trapdoor		The palette contains every exact vanilla cube override. The final row keeps representative Glassential and vanilla stock paths beside it.
6	overrides_and_controls	Eighteen vanilla overrides and stock-path controls	228	100	224	23	227	101	227	glassential:glass_glowstone_lamp			true	stock	stock Glassential lamp		The palette contains every exact vanilla cube override. The final row keeps representative Glassential and vanilla stock paths beside it.
6	overrides_and_controls	Eighteen vanilla overrides and stock-path controls	228	100	224	24	229	101	227	glassential:clear_fluid_glass			true	stock	stock empty clear-fluid glass		The palette contains every exact vanilla cube override. The final row keeps representative Glassential and vanilla stock paths beside it.
6	overrides_and_controls	Eighteen vanilla overrides and stock-path controls	228	100	224	25	231	101	227	minecraft:glass_pane[east=false,north=false,south=false,waterlogged=false,west=false]			true	stock	stock vanilla pane		The palette contains every exact vanilla cube override. The final row keeps representative Glassential and vanilla stock paths beside it.
6	overrides_and_controls	Eighteen vanilla overrides and stock-path controls	228	100	224	26	233	101	227	minecraft:stone			true	stock	stock opaque control		The palette contains every exact vanilla cube override. The final row keeps representative Glassential and vanilla stock paths beside it.
