glassential:colorable_glass	full	colorable	fusion	2	b7d5560789b0ff83bad732e69a15bc6e16fcc1d0c72a0faea5a772545b742dca	d464875e49fe610206604f8fa80fd844e56a8ab3b93af3ed03521f85d546e9be
glassential:colorable_glass_pane	pane	colorable_pane	fusion_textured_regular	64	bd3ee1e618781df5fd81276f4d3dfe7c087142fb3cf4c5e86b55785e4ae856a2	989abc23534cc072286973e0a2aa25f825a998265711635920d6c1534ab4d27c
glassential:colorable_stained_glass	full	colorable	fusion	2	1c0647eee8189c2f6c0f81dc9e3b84bd331eca7f442d696480b00143687a3746	4f674a2360a36d969df8f145448f31a945508c7bcdb0744ce4864970757238f0
glassential:colorable_stained_glass_pane	pane	colorable_pane	fusion_textured_regular	64	649eb1d40799e5b5cd15c96c08b04775357f0e6036c53cd7ac6072924b03b599	5241a18ece8e7777666ff8cf80056e544fa5b523f01b1324677c0008bec513c2
glassential:glass_dark_ethereal	full	propertyless	fusion	1	e9178a28415ae94a420ababed83308dd688393c97f6609e8beb7b769fdf43aed	95a0627accae20d89a6ba9b199a2e6013fb1567feb4a05d9a3f8f633da77fec7
glassential:glass_dark_ethereal_pane	pane	pane	fusion_textured_regular	32	fcb5dfcb6c6047376a809cd115346479ab1962241dc8668c4a0a566a70ca54a2	2f42c905766ee8d0c017674f48ad4e871bbf3fa74d4aca743c5c5bb6efd6577f
glassential:glass_dark_ethereal_reverse	full	propertyless	fusion	1	b7a8f2837061bc92f34b344ff271de8b35e6c4d52226af0d3ae0e4af40488ed7	1f9df5bb71c499f50c161b0b187fc4df5f8bbdba60aec85420d4d104698cf79a
glassential:glass_dark_ethereal_reverse_pane	pane	pane	fusion_textured_regular	32	40137509afa9c4217f8e98038962f843bafd48f3ed47ce6723980945364977e4	b405db33aecd23f20d8d1bb29f0700a24d08d449a0b9bc068fb7bc7a674e3591
glassential:glass_ethereal	full	propertyless	fusion	1	9cad686ae8c4dbab9ca5d02de7c84282d69c28b9660ff7e188e602d8c947bdb9	6d6dc269ea22db6cf0eb4623b820e1c965555189938aea3f5cb4ba77420e1b26
glassential:glass_ethereal_pane	pane	pane	fusion_textured_regular	32	a5d9a31f3ad184fe35f8ae803a964bdaba5cbf6d9894748097a8b14d8066e40c	927bb9644d372334f3c531d9eb23342c334d4aac2f39b188f39afdeadd031e1f
glassential:glass_ethereal_reverse	full	propertyless	fusion	1	91e4ab8629e08759ed68afc8588f51b5d40d72960ae4244f6d0ac4c3b6d2f31c	57009a49eeb2390412a63ede40edc939bc6427dc08a3d525f468fe9efc0a4f72
glassential:glass_ethereal_reverse_pane	pane	pane	fusion_textured_regular	32	ca223419b9801dc751ad55fca5e70617d051eb63059cc3f8687be08c3dbea793	9a1c35583a6b8443c8d949027d3ea3b61cd70618d41573af943c564a0ab4bd38
glassential:glass_ghostly	full	propertyless	fusion	1	ae99098333377e628f99189f598cfef1fa101c0d57b9ae810089d62e4808ba5c	e0b5fe0f3c991bebf242e8ca4ab7e3ad7f7f86a2b7d6885b2f8a03f42a151abc
glassential:glass_ghostly_pane	pane	pane	fusion_textured_regular	32	97661a3abe22ba901a66357990fbcb5f041613461d4dc97823e3dbad895041c4	658ecaa7da67bc742931aabd8b56cdbbc1851323011cfdb477ed90dcd13638b1
glassential:glass_light	full	propertyless	fusion	1	25e74c7d49dd3b770f74b047970b05ae40157b55b6b70cf6f11bf59d542d0d4f	eac62321f7980174b44f5cc0c7874e84ba1b7f61a38f46f8fe505a51d6e92f4d
glassential:glass_light_pane	pane	pane	fusion_textured_regular	32	8de42bfda9e7ea466c3fa6290c880c17461f203529b25acb3bb5fde499f9a3cc	5d9bf97679c900b43c43e6a85b63c9e17e0c0f079a4d2366bf0a0773bb6e6739
glassential:glass_light_tinted	full	propertyless	fusion	1	3030a78315dc671e32af124318aafd8fece57c6d86c12aaf341107a635068770	b9b0d7b10ae68a3eb059544a684f73ba022fad5758fc650b9d1728938e1666ee
glassential:glass_light_tinted_pane	pane	pane	fusion_textured_regular	32	2312b7fbec522860cc800f3c1050edb9e5081b066655f51706165fa8108f94bd	2c27dd74a1a84779878d31613febdbc8c32c4839bf2e0ab0ebd789bc962ede80
glassential:glass_redstone	full	propertyless	fusion	1	7d656497d2e31f9904ab39a2116203b7381f7979540ed074e5bdbd5e482c4bba	464ce8804891cb67aa64a571e84460a37db0422f4245b58d6a75aa44d5e9d4a3
glassential:glass_redstone_pane	pane	pane	fusion_textured_regular	32	0f25e3677f89d175a6c27d838629f8a1e76a5c7d7d1a26224ec1927669ce3749	6379801e1f0751863b32f9f21670f87b25d165ea174eb1e58842d2db77c5bbcf
glassential:glass_redstone_tinted	full	propertyless	fusion	1	fd86829585c15d239c190bc8e4369bb04ff2c3172201f7c43369db479d5b33e9	a6b49dcab476fafa316eb9a047e97c3569d7a18e05879737f811c6fd98c63e21
glassential:glass_redstone_tinted_pane	pane	pane	fusion_textured_regular	32	7715cc9fd4ed75a6363f8bd9bd566992c21be2dafa4602a8313d52392d328560	fcf8befe0ee8792d82dd293bf9fec449209f4932a286ae2c8f1ede53220d3e90
glassential:glass_slab	slab	slab	fusion	6	122abf37742ff199df78d8fd8aad00519d32a7020623560df3b7617d23281f8e	a093980b2e4ce2c08f2c45bef2855d9f5da91adbe9f465b6b0b501d5d2ae30ee
glassential:gravity_glass	full	propertyless	fusion	1	310678da1a221c178a3d3977effe0709a2e641729431c90470a3aec52907eb3d	6d1c7c0eb6be3c6378d48e3c0e1acbfc45a053381883cdc9eb7b09ec04525f31
glassential:ice_glass	full	propertyless	fusion	1	d64fbf40de0bde3e8288e66c77051ba03fc9de2cbc70db8bf173d2e2b1caa2c2	cf85431b6621d6ce00339754110eaaa2cb91715ca9801f0efff3fec95e97cedf
glassential:iron_glass	full	propertyless	fusion	1	db37b7158ba3ca0d272bb078a64fbef77c2c7775a2c8a4ed273f1a33a0a5e418	f74830d90fcb882adbf859905f8b39f0617045a9014da9a630e538659221d75c
glassential:obsidian_glass	full	propertyless	fusion	1	334f2cdef257e3c72dbad7b51feedf5d800cc70a96320bd91d84be08fe6f7ed4	ff9292ce1928a9202aa2f5cf7142e5f786ed62f061ee21bbafb761ecd8f10684
glassential:one_way_glass	one_way	one_way	one_way	6	c33e02cce520a0038f4b6889964e96a8a5e1f260fc75b2a4dfe72ce9eafea290	8d7b3d75e484124a37b4c1f072e33b9831d038b78be7972b8123ae0bd194fae8
glassential:sandstone_glass	full	propertyless	fusion	1	80d4ab6623abca2019790831681df10428242050fac3be8e028f9537c21f1878	ffef39fa3aba5f3e70358f7dfd33548dd0c0d92aebeb98ac7c2f9e4c649d3dd1
glassential:stone_glass	full	propertyless	fusion	1	cb525e9060e4b61515f371f5f5306cbf493554a25ba2ebcb1097a56dcf32d1a0	646c7e3d6f338117b5fa1683589f3df256ce516bf769d784e69e18dcf27d4c60
glassential:tinted_one_way_glass	one_way	one_way	one_way	6	c036cd6708885f89d54402b24f1b50f0243a451967c1bd97fd60f97f6fed22ae	8c7a1dac5543512caa4c5fa919f3f26989c0ef702d1be00bd9ade3e10fbbe354
minecraft:black_stained_glass	full	propertyless	fusion	1	4ca2acb7bcf0243bfc8ff6831cfc63e466c9b207913a9d21ab36a06d19ba6d25	68b7f82bd3f9b1f4d975f0660bad9381c0655fb93841c9f97111a5dcd60013ec
minecraft:blue_stained_glass	full	propertyless	fusion	1	9b736f2da3d2560cd0c2d0899e8d3d157702d409a690a556891e0c25e04db656	46399e1a47f5c88c064a10bf4072c9f0c61fc88a8dcc31291de9739435ceca21
minecraft:brown_stained_glass	full	propertyless	fusion	1	ffb3296e3ed3fed29788d7a086a1b5220f995292225fd3e95d83a021f7517111	adaf82d51e6581e1f007a7e025669121fe293bb1f7be0eaa341c3e04df3d4cb4
minecraft:cyan_stained_glass	full	propertyless	fusion	1	26e2c22a84031c68ce83615acb65624e2520482d784d7ee5f2385553ebdea132	6b6811464b000ef99669250eb1ee69f16d41932d20450b159eb2ff8b6f727852
minecraft:glass	full	propertyless	fusion	1	1dbff97d8ac074c330024db2f2acc93eea26ffad0cd33e2f0442ca6e5145e9d5	d4e72967e247621f7b111c266a527d3612be8fe498de04cf2546dbf79394d4da
minecraft:gray_stained_glass	full	propertyless	fusion	1	8bc07dc2fc36053a4a6fea2a798ecda2d747e0b91af5cf156175a679a255764d	ba07a30f35bc0f3a7ebf20fc3e311998aba32a01f32d2042b014bcf59d3cc39b
minecraft:green_stained_glass	full	propertyless	fusion	1	ad5614c8066d8dd840a12ddb8e180271dfdb3e9b5b46ca160d1e29f4fa11a6bc	e177ed8428b185dd3971f4bb1dda1858229c30e9101e35dca2eaa3be57101cab
minecraft:light_blue_stained_glass	full	propertyless	fusion	1	31959a246bd718f7cd52affdf7cedd7dc9ae091f9d4a8227953d83d5bc172e78	ba77d309de791e728a3e9bb0a6d815eadd26ac8340cca7d98f0c5cca4471c3b1
minecraft:light_gray_stained_glass	full	propertyless	fusion	1	709371a89298b3944fa975d2729844574a02c2fe7702f0157db99e9e279c553c	dfe424dbc914ae1cc7596c5bccc24adffe0e7c8fc5a6e532818cb75acb177855
minecraft:lime_stained_glass	full	propertyless	fusion	1	d5623dee377d8e7b2919d582ed6c2277b563a4848d82eb9c9c08e6063e08400f	7a610219251104e8963c29d2e19c14cb8acf68e5140b6eb4c2136ace008a2c72
minecraft:magenta_stained_glass	full	propertyless	fusion	1	708a98d39d20cf64704879fac750fd61cdda505ef11479236d3883a911dee182	cbb074fe1db67baa09c0638ab4e7c7ddab4a92b8f01467ee843d3b86a54d4cc1
minecraft:orange_stained_glass	full	propertyless	fusion	1	2448fdef559ba9d3e1e39b5ac07ef534223a8739c2dc09eb3356a7d80d5c1e9b	93fd9a67d9e48c4aeaa0b62dda8057cbe25b80086ba72b8c6bd85d1b25b24e4f
minecraft:pink_stained_glass	full	propertyless	fusion	1	28a5f79957fe60f2e1f7f3ad20e153eb55bfd30435b49433f1c53a6d58b0f91e	cacf2b93f56bf9f0853b9cc7cc04da94a0b1d92fcce1cce300309c26325ca515
minecraft:purple_stained_glass	full	propertyless	fusion	1	0d904cb96bc4d4560a60e5d387c8b35bde4cb267b43a869ac374f61ac1d35592	6dbca56facafa3ca524b17103bd63aa3fc8b114075f5219e5a8766d7b8926585
minecraft:red_stained_glass	full	propertyless	fusion	1	bf0a679a5a2b3849544bc642c7dba47e0ca3d7285c1acf0d633c1f152f9f19ca	e70428eecd1b99a0813722bf36f8fc0b2cdf029b5a7b4e0408f978f22a21c965
minecraft:tinted_glass	full	propertyless	fusion	1	495c5dcce129be9ffa89211444f272adde34eb360297dc5e3255a66c4b533cff	a46a5fa9845cde2768b855e60436b1172264bfed168364178a3df99650f2af10
minecraft:white_stained_glass	full	propertyless	fusion	1	25b70ed75e066e90d725aecc1786061a6acfb058b9e280929c3fccbd74a52008	ab44b3a36fefd6bb88361b1f3186ff2f6a80bfb12051b6660ca9d8a2ba85cd69
minecraft:yellow_stained_glass	full	propertyless	fusion	1	44d1e862eaef54f37e19564e616239ad4631246cf724e03bd55e98ff4728ca09	3158292d8e663a4f19ed0934b114e32462c412f34d6c41a1a1174d6a5eb50705
