glassential:block/colorable_glass	fusion
glassential:block/colorable_stained_glass	fusion
glassential:block/glass_dark_ethereal	fusion
glassential:block/glass_dark_ethereal_reverse	fusion
glassential:block/glass_ethereal	fusion
glassential:block/glass_ethereal_reverse	fusion
glassential:block/glass_ghostly	fusion
glassential:block/glass_light	fusion
glassential:block/glass_light_tinted	fusion
glassential:block/glass_redstone	fusion
glassential:block/glass_redstone_tinted	fusion
glassential:block/glass_slab	fusion
glassential:block/glass_slab_double	fusion
glassential:block/glass_slab_top	fusion
glassential:block/gravity_glass	fusion
glassential:block/ice_glass	fusion
glassential:block/iron_glass	fusion
glassential:block/obsidian_glass	fusion
glassential:block/one_way_glass	one_way
glassential:block/pane/colorable_glass_pane_noside	fusion
glassential:block/pane/colorable_glass_pane_noside_alt	fusion
glassential:block/pane/colorable_glass_pane_post	fusion
glassential:block/pane/colorable_glass_pane_side	fusion
glassential:block/pane/colorable_glass_pane_side_alt	fusion
glassential:block/pane/colorable_stained_glass_pane_noside	fusion
glassential:block/pane/colorable_stained_glass_pane_noside_alt	fusion
glassential:block/pane/colorable_stained_glass_pane_post	fusion
glassential:block/pane/colorable_stained_glass_pane_side	fusion
glassential:block/pane/colorable_stained_glass_pane_side_alt	fusion
glassential:block/pane/glass_dark_ethereal_pane_noside	fusion
glassential:block/pane/glass_dark_ethereal_pane_noside_alt	fusion
glassential:block/pane/glass_dark_ethereal_pane_post	fusion
glassential:block/pane/glass_dark_ethereal_pane_side	fusion
glassential:block/pane/glass_dark_ethereal_pane_side_alt	fusion
glassential:block/pane/glass_dark_ethereal_reverse_pane_noside	fusion
glassential:block/pane/glass_dark_ethereal_reverse_pane_noside_alt	fusion
glassential:block/pane/glass_dark_ethereal_reverse_pane_post	fusion
glassential:block/pane/glass_dark_ethereal_reverse_pane_side	fusion
glassential:block/pane/glass_dark_ethereal_reverse_pane_side_alt	fusion
glassential:block/pane/glass_ethereal_pane_noside	fusion
glassential:block/pane/glass_ethereal_pane_noside_alt	fusion
glassential:block/pane/glass_ethereal_pane_post	fusion
glassential:block/pane/glass_ethereal_pane_side	fusion
glassential:block/pane/glass_ethereal_pane_side_alt	fusion
glassential:block/pane/glass_ethereal_reverse_pane_noside	fusion
glassential:block/pane/glass_ethereal_reverse_pane_noside_alt	fusion
glassential:block/pane/glass_ethereal_reverse_pane_post	fusion
glassential:block/pane/glass_ethereal_reverse_pane_side	fusion
glassential:block/pane/glass_ethereal_reverse_pane_side_alt	fusion
glassential:block/pane/glass_ghostly_pane_noside	fusion
glassential:block/pane/glass_ghostly_pane_noside_alt	fusion
glassential:block/pane/glass_ghostly_pane_post	fusion
glassential:block/pane/glass_ghostly_pane_side	fusion
glassential:block/pane/glass_ghostly_pane_side_alt	fusion
glassential:block/pane/glass_light_pane_noside	fusion
glassential:block/pane/glass_light_pane_noside_alt	fusion
glassential:block/pane/glass_light_pane_post	fusion
glassential:block/pane/glass_light_pane_side	fusion
glassential:block/pane/glass_light_pane_side_alt	fusion
glassential:block/pane/glass_light_tinted_pane_noside	fusion
glassential:block/pane/glass_light_tinted_pane_noside_alt	fusion
glassential:block/pane/glass_light_tinted_pane_post	fusion
glassential:block/pane/glass_light_tinted_pane_side	fusion
glassential:block/pane/glass_light_tinted_pane_side_alt	fusion
glassential:block/pane/glass_redstone_pane_noside	fusion
glassential:block/pane/glass_redstone_pane_noside_alt	fusion
glassential:block/pane/glass_redstone_pane_post	fusion
glassential:block/pane/glass_redstone_pane_side	fusion
glassential:block/pane/glass_redstone_pane_side_alt	fusion
glassential:block/pane/glass_redstone_tinted_pane_noside	fusion
glassential:block/pane/glass_redstone_tinted_pane_noside_alt	fusion
glassential:block/pane/glass_redstone_tinted_pane_post	fusion
glassential:block/pane/glass_redstone_tinted_pane_side	fusion
glassential:block/pane/glass_redstone_tinted_pane_side_alt	fusion
glassential:block/sandstone_glass	fusion
glassential:block/stone_glass	fusion
glassential:block/tinted_one_way_glass	one_way
minecraft:block/black_stained_glass	fusion
minecraft:block/blue_stained_glass	fusion
minecraft:block/brown_stained_glass	fusion
minecraft:block/cyan_stained_glass	fusion
minecraft:block/glass	fusion
minecraft:block/gray_stained_glass	fusion
minecraft:block/green_stained_glass	fusion
minecraft:block/light_blue_stained_glass	fusion
minecraft:block/light_gray_stained_glass	fusion
minecraft:block/lime_stained_glass	fusion
minecraft:block/magenta_stained_glass	fusion
minecraft:block/orange_stained_glass	fusion
minecraft:block/pink_stained_glass	fusion
minecraft:block/purple_stained_glass	fusion
minecraft:block/red_stained_glass	fusion
minecraft:block/tinted_glass	fusion
minecraft:block/white_stained_glass	fusion
minecraft:block/yellow_stained_glass	fusion
