blockstate	assets/minecraft/blockstates/black_stained_glass.json	92	4ca2acb7bcf0243bfc8ff6831cfc63e466c9b207913a9d21ab36a06d19ba6d25
blockstate	assets/minecraft/blockstates/blue_stained_glass.json	91	9b736f2da3d2560cd0c2d0899e8d3d157702d409a690a556891e0c25e04db656
blockstate	assets/minecraft/blockstates/brown_stained_glass.json	92	ffb3296e3ed3fed29788d7a086a1b5220f995292225fd3e95d83a021f7517111
blockstate	assets/minecraft/blockstates/cyan_stained_glass.json	91	26e2c22a84031c68ce83615acb65624e2520482d784d7ee5f2385553ebdea132
blockstate	assets/minecraft/blockstates/glass.json	78	1dbff97d8ac074c330024db2f2acc93eea26ffad0cd33e2f0442ca6e5145e9d5
blockstate	assets/minecraft/blockstates/gray_stained_glass.json	91	8bc07dc2fc36053a4a6fea2a798ecda2d747e0b91af5cf156175a679a255764d
blockstate	assets/minecraft/blockstates/green_stained_glass.json	92	ad5614c8066d8dd840a12ddb8e180271dfdb3e9b5b46ca160d1e29f4fa11a6bc
blockstate	assets/minecraft/blockstates/light_blue_stained_glass.json	97	31959a246bd718f7cd52affdf7cedd7dc9ae091f9d4a8227953d83d5bc172e78
blockstate	assets/minecraft/blockstates/light_gray_stained_glass.json	97	709371a89298b3944fa975d2729844574a02c2fe7702f0157db99e9e279c553c
blockstate	assets/minecraft/blockstates/lime_stained_glass.json	91	d5623dee377d8e7b2919d582ed6c2277b563a4848d82eb9c9c08e6063e08400f
blockstate	assets/minecraft/blockstates/magenta_stained_glass.json	94	708a98d39d20cf64704879fac750fd61cdda505ef11479236d3883a911dee182
blockstate	assets/minecraft/blockstates/orange_stained_glass.json	93	2448fdef559ba9d3e1e39b5ac07ef534223a8739c2dc09eb3356a7d80d5c1e9b
blockstate	assets/minecraft/blockstates/pink_stained_glass.json	91	28a5f79957fe60f2e1f7f3ad20e153eb55bfd30435b49433f1c53a6d58b0f91e
blockstate	assets/minecraft/blockstates/purple_stained_glass.json	93	0d904cb96bc4d4560a60e5d387c8b35bde4cb267b43a869ac374f61ac1d35592
blockstate	assets/minecraft/blockstates/red_stained_glass.json	90	bf0a679a5a2b3849544bc642c7dba47e0ca3d7285c1acf0d633c1f152f9f19ca
blockstate	assets/minecraft/blockstates/tinted_glass.json	85	495c5dcce129be9ffa89211444f272adde34eb360297dc5e3255a66c4b533cff
blockstate	assets/minecraft/blockstates/white_stained_glass.json	92	25b70ed75e066e90d725aecc1786061a6acfb058b9e280929c3fccbd74a52008
blockstate	assets/minecraft/blockstates/yellow_stained_glass.json	93	44d1e862eaef54f37e19564e616239ad4631246cf724e03bd55e98ff4728ca09
model	assets/minecraft/models/block/cube_all.json	227	be3205d629ffb9e03834c3d1d083f8a2c62e9f9ae80820755129408634e9144a
model	assets/minecraft/models/block/slab.json	761	bd869ebe3ba380d46349e5c6e988b9b1ccf1ab25212ab1de66e2fdcc067edc1d
model	assets/minecraft/models/block/slab_top.json	733	c02e81cd0b59698040db7a682d32d08ddeb0de64756e309d62ecfbda4af804f9
texture	assets/minecraft/textures/block/glass_pane_top.png	116	cf813fd7c62ff76a81a5d1a55df02bd9f7565be23539a8896b757eff468ec3de
