blockstate	assets/glassential/blockstates/colorable_glass.json	176	b7d5560789b0ff83bad732e69a15bc6e16fcc1d0c72a0faea5a772545b742dca
blockstate	assets/glassential/blockstates/colorable_glass_pane.json	1108	bd3ee1e618781df5fd81276f4d3dfe7c087142fb3cf4c5e86b55785e4ae856a2
blockstate	assets/glassential/blockstates/colorable_stained_glass.json	192	1c0647eee8189c2f6c0f81dc9e3b84bd331eca7f442d696480b00143687a3746
blockstate	assets/glassential/blockstates/colorable_stained_glass_pane.json	1180	649eb1d40799e5b5cd15c96c08b04775357f0e6036c53cd7ac6072924b03b599
blockstate	assets/glassential/blockstates/glass_dark_ethereal.json	92	e9178a28415ae94a420ababed83308dd688393c97f6609e8beb7b769fdf43aed
blockstate	assets/glassential/blockstates/glass_dark_ethereal_pane.json	1946	fcb5dfcb6c6047376a809cd115346479ab1962241dc8668c4a0a566a70ca54a2
blockstate	assets/glassential/blockstates/glass_dark_ethereal_reverse.json	100	b7a8f2837061bc92f34b344ff271de8b35e6c4d52226af0d3ae0e4af40488ed7
blockstate	assets/glassential/blockstates/glass_dark_ethereal_reverse_pane.json	2018	40137509afa9c4217f8e98038962f843bafd48f3ed47ce6723980945364977e4
blockstate	assets/glassential/blockstates/glass_ethereal.json	87	9cad686ae8c4dbab9ca5d02de7c84282d69c28b9660ff7e188e602d8c947bdb9
blockstate	assets/glassential/blockstates/glass_ethereal_pane.json	1901	a5d9a31f3ad184fe35f8ae803a964bdaba5cbf6d9894748097a8b14d8066e40c
blockstate	assets/glassential/blockstates/glass_ethereal_reverse.json	95	91e4ab8629e08759ed68afc8588f51b5d40d72960ae4244f6d0ac4c3b6d2f31c
blockstate	assets/glassential/blockstates/glass_ethereal_reverse_pane.json	1973	ca223419b9801dc751ad55fca5e70617d051eb63059cc3f8687be08c3dbea793
blockstate	assets/glassential/blockstates/glass_ghostly.json	86	ae99098333377e628f99189f598cfef1fa101c0d57b9ae810089d62e4808ba5c
blockstate	assets/glassential/blockstates/glass_ghostly_pane.json	1892	97661a3abe22ba901a66357990fbcb5f041613461d4dc97823e3dbad895041c4
blockstate	assets/glassential/blockstates/glass_light.json	84	25e74c7d49dd3b770f74b047970b05ae40157b55b6b70cf6f11bf59d542d0d4f
blockstate	assets/glassential/blockstates/glass_light_pane.json	1874	8de42bfda9e7ea466c3fa6290c880c17461f203529b25acb3bb5fde499f9a3cc
blockstate	assets/glassential/blockstates/glass_light_tinted.json	91	3030a78315dc671e32af124318aafd8fece57c6d86c12aaf341107a635068770
blockstate	assets/glassential/blockstates/glass_light_tinted_pane.json	1937	2312b7fbec522860cc800f3c1050edb9e5081b066655f51706165fa8108f94bd
blockstate	assets/glassential/blockstates/glass_redstone.json	87	7d656497d2e31f9904ab39a2116203b7381f7979540ed074e5bdbd5e482c4bba
blockstate	assets/glassential/blockstates/glass_redstone_pane.json	1901	0f25e3677f89d175a6c27d838629f8a1e76a5c7d7d1a26224ec1927669ce3749
blockstate	assets/glassential/blockstates/glass_redstone_tinted.json	94	fd86829585c15d239c190bc8e4369bb04ff2c3172201f7c43369db479d5b33e9
blockstate	assets/glassential/blockstates/glass_redstone_tinted_pane.json	1964	7715cc9fd4ed75a6363f8bd9bd566992c21be2dafa4602a8313d52392d328560
blockstate	assets/glassential/blockstates/glass_slab.json	222	122abf37742ff199df78d8fd8aad00519d32a7020623560df3b7617d23281f8e
blockstate	assets/glassential/blockstates/gravity_glass.json	86	310678da1a221c178a3d3977effe0709a2e641729431c90470a3aec52907eb3d
blockstate	assets/glassential/blockstates/ice_glass.json	82	d64fbf40de0bde3e8288e66c77051ba03fc9de2cbc70db8bf173d2e2b1caa2c2
blockstate	assets/glassential/blockstates/iron_glass.json	83	db37b7158ba3ca0d272bb078a64fbef77c2c7775a2c8a4ed273f1a33a0a5e418
blockstate	assets/glassential/blockstates/obsidian_glass.json	87	334f2cdef257e3c72dbad7b51feedf5d800cc70a96320bd91d84be08fe6f7ed4
blockstate	assets/glassential/blockstates/one_way_glass.json	460	c33e02cce520a0038f4b6889964e96a8a5e1f260fc75b2a4dfe72ce9eafea290
blockstate	assets/glassential/blockstates/sandstone_glass.json	88	80d4ab6623abca2019790831681df10428242050fac3be8e028f9537c21f1878
blockstate	assets/glassential/blockstates/stone_glass.json	84	cb525e9060e4b61515f371f5f5306cbf493554a25ba2ebcb1097a56dcf32d1a0
blockstate	assets/glassential/blockstates/tinted_one_way_glass.json	513	c036cd6708885f89d54402b24f1b50f0243a451967c1bd97fd60f97f6fed22ae
model	assets/glassential/models/block/colorable_glass.json	255	6b0fe3595aafbc0fc271aaf0bbc967cd45d1c4e35f7f130e3612d4b7863432bb
model	assets/glassential/models/block/colorable_stained_glass.json	283	78cc398c0be7c02a1011958dfd202acf78146885ca13dcc0589a867c2a1da31b
model	assets/glassential/models/block/glass_dark_ethereal.json	249	9ff3794c6076166a4d6975d6dd4d4ec567a88d92b85e3128f4bae8c672c8c2ae
model	assets/glassential/models/block/glass_dark_ethereal_reverse.json	257	77a6c0191a50be16e9d803f5ca88ce070563dd64bb020e03c7bb0cc07c5101e7
model	assets/glassential/models/block/glass_ethereal.json	244	02efc3db9425942c1341142fc7140bb647b6d9609fefb4a98514ba650853d76d
model	assets/glassential/models/block/glass_ethereal_reverse.json	252	7eb50f0a88d9141371ed88d237e36816d9ae077288e06003dcd4048e4ab1b7cb
model	assets/glassential/models/block/glass_ghostly.json	243	1a9ee0d7574fb9b96d6ca62a33b98369b3d931496bce863d47cdda777c76b20f
model	assets/glassential/models/block/glass_light.json	298	0832683e32c714911808e2023f86665c0b5658ff94fb48fd29c4dea2a260d647
model	assets/glassential/models/block/glass_light_tinted.json	305	a0b94fdb7ed7b5aab561da955575c338a6855f46d662b74b1281f9d6478c81e6
model	assets/glassential/models/block/glass_redstone.json	244	63d9643e78ab8ed60eebfacaa74df250cc416e1ff33eb6cdf6b5ad75e980dc9e
model	assets/glassential/models/block/glass_redstone_tinted.json	251	1d11bf63af85180b9ad52a5552ca604a520c9a9d906806f0250a1addc330f43a
model	assets/glassential/models/block/glass_slab.json	1974	153d7b0b79b999884e3549631e73960de028dbe6d24be24c7f9d0bf0e4606bc3
model	assets/glassential/models/block/glass_slab_double.json	180	cfc9f39c90891a8d86ed35261b30283026c08f7346047a0ac053ad8e4d5b4710
model	assets/glassential/models/block/glass_slab_top.json	1972	2d19c2146b236de01a46dad50a2d13dae80e624ca34c9bab74cc8e8e34196569
model	assets/glassential/models/block/gravity_glass.json	256	32ebc1b84019b2d8f4a239abd12d62845f0eec64456214db76317a8318187822
model	assets/glassential/models/block/ice_glass.json	245	bea073c49c1f1605fe8a98a4e69c6ae0643f926fb01474c06d056f0264859a3e
model	assets/glassential/models/block/iron_glass.json	303	afa1d197df6739f26f092f901c6a186ac1533658728801c28bfdba66cdfcc0e0
model	assets/glassential/models/block/obsidian_glass.json	250	68aca5f9f5547bb2d0a722dd430255c9fdf8667e82064f84516ea8cafbec70b8
model	assets/glassential/models/block/one_way_glass.json	91	43644c833d0ee6de4cf292034caa3cfcaeac55967c9d116569c6f520968ae6d9
model	assets/glassential/models/block/pane/colorable_glass_pane_noside.json	175	0030f877cc052bb5ef041d868287007b65630f2ee1c6e3db3dedaa2710d095b0
model	assets/glassential/models/block/pane/colorable_glass_pane_noside_alt.json	179	2bbac4a8b453f91c0b1d515e92c29c0b5d9b35c0d19e23eddead28f03e219160
model	assets/glassential/models/block/pane/colorable_glass_pane_post.json	220	0c4d7c4e2c13dc1b42498c6ce5492bccd6897d06fc2bc0e0ba5be1c10f489159
model	assets/glassential/models/block/pane/colorable_glass_pane_side.json	220	7042988621d8dc85e8cebaa746146f4aced0fa9ecd1f01e2fb3337a77f8919d2
model	assets/glassential/models/block/pane/colorable_glass_pane_side_alt.json	224	03e95a3069a6a4ef595897431a030ce6a8022f5fb233c35b860c204f851bed5f
model	assets/glassential/models/block/pane/colorable_stained_glass_pane_noside.json	203	485198eb1c26465e642789feaf4cfebd328a54ca5882043abe69888f4415a46b
model	assets/glassential/models/block/pane/colorable_stained_glass_pane_noside_alt.json	207	b3666f94628964aa7b7a4d8a89446afe1591c4fcde918859e6ca54436b2ba442
model	assets/glassential/models/block/pane/colorable_stained_glass_pane_post.json	248	8408609195275636fe27e1abaee0a143caae24ea4d07d3377ecc90c6e1276e45
model	assets/glassential/models/block/pane/colorable_stained_glass_pane_side.json	248	b2d10773ab24a4edba9ef0d6ccdf54da5fd4ad945a4a4e60e3faacda7deb3f19
model	assets/glassential/models/block/pane/colorable_stained_glass_pane_side_alt.json	252	63e882c0d2cf12bc09422f6f6b00a884b75f1cce809e230b96e269fc53416800
model	assets/glassential/models/block/pane/glass_dark_ethereal_pane_noside.json	176	edc6096f0fe5a7b747318877180fd1f146438ee210b371ee37cd67a699f9e964
model	assets/glassential/models/block/pane/glass_dark_ethereal_pane_noside_alt.json	180	8c83884fb79017e94bc7fee4d8fdae1400b6107a5c2c3b1202dba6af3a863674
model	assets/glassential/models/block/pane/glass_dark_ethereal_pane_post.json	236	a206457ba0a9353a1a767fc5c37d6e73d756e3399c4198157ea5d5b7e59756e9
model	assets/glassential/models/block/pane/glass_dark_ethereal_pane_side.json	236	5efdb2cb848a3e1450b787979c8642c7c60507a8a0eeb2eafaeddbfe458d7d95
model	assets/glassential/models/block/pane/glass_dark_ethereal_pane_side_alt.json	240	c199ab7f5386eacd213a135b66f3d323612d14a669ae9cec5e25274ecd845d96
model	assets/glassential/models/block/pane/glass_dark_ethereal_reverse_pane_noside.json	184	a01d6b19a8e453cf7ac7c2f7b8dfc48038f30d70495ac41d38d7a2d1faed676c
model	assets/glassential/models/block/pane/glass_dark_ethereal_reverse_pane_noside_alt.json	188	974a13f19c27ddc0e090daf8aee6b4273589e4d25142459a20a52f6b23323f88
model	assets/glassential/models/block/pane/glass_dark_ethereal_reverse_pane_post.json	244	6eba14950f9b606222dde9ffffac17eadcbb7e016cb430a26109cac64452ce9d
model	assets/glassential/models/block/pane/glass_dark_ethereal_reverse_pane_side.json	244	d4671e0a2e2b3c6adc1ef2fb4e2f9656a85ebe4453f9c826e5e43c942a8ca1e4
model	assets/glassential/models/block/pane/glass_dark_ethereal_reverse_pane_side_alt.json	248	f03cca0bd5114e2d2d9c022e1a3d71b6652351647501e19c51a157b6d5c442e5
model	assets/glassential/models/block/pane/glass_ethereal_pane_noside.json	171	c22c22eea6ccede7bbf98856ca24e76ffde79ce72c52037f89074be07ed69865
model	assets/glassential/models/block/pane/glass_ethereal_pane_noside_alt.json	175	349d79e3368047dd3cf9de09d5160c906325cf65b1971f4ee9af0ef653f4549a
model	assets/glassential/models/block/pane/glass_ethereal_pane_post.json	226	ddae1430be5521feb0ecf8a92ac3b05b3d852481f626b556036e851586ae8387
model	assets/glassential/models/block/pane/glass_ethereal_pane_side.json	226	705c986a0c24b7ae05cdd50427800c8c6c8cf886211773e7185a943dac0a4cef
model	assets/glassential/models/block/pane/glass_ethereal_pane_side_alt.json	230	65d78b00a89cf6d1602c8eab581a5559eef9563d77146e56a49a3d85d9ea6c14
model	assets/glassential/models/block/pane/glass_ethereal_reverse_pane_noside.json	179	51833cf130d43f9221cb2588db7c5ef8371d14d55b8ae5df374de6abb3bbe33c
model	assets/glassential/models/block/pane/glass_ethereal_reverse_pane_noside_alt.json	183	aa5e7f247d1cd02214875f09ae351eaccb6b6a47be86ae08a05ed9fd7fdd54b3
model	assets/glassential/models/block/pane/glass_ethereal_reverse_pane_post.json	234	2ef99d44eafbccbc66159689e44ed1a5f547736b1a48e0bd632213eb874cf4e8
model	assets/glassential/models/block/pane/glass_ethereal_reverse_pane_side.json	234	15b2855ef3e579c4038c49a8cd53f03ca51c7814f7e206c4b65a3f06cc417d5b
model	assets/glassential/models/block/pane/glass_ethereal_reverse_pane_side_alt.json	238	4921537a35ef7f8671a0d30e254b6599ee1972975b203f3fce434f237c68c3fd
model	assets/glassential/models/block/pane/glass_ghostly_pane_noside.json	170	38cc65d42ed7f6720fb6fe7e728a1bb6c92cf6ae52ad14e0653b6b32a71691d4
model	assets/glassential/models/block/pane/glass_ghostly_pane_noside_alt.json	174	130679acdd78bcb45f156ca7bd30b62ededa74f683e281f14f55585b67b510e0
model	assets/glassential/models/block/pane/glass_ghostly_pane_post.json	224	65f223d3cc8942109458da6bf84da452b4b6ed84d6fb332c04c318a06218bf7d
model	assets/glassential/models/block/pane/glass_ghostly_pane_side.json	224	c28515e86704043a0575d6e1d78f1a4e2c323f024cf94291a5a4725487ee7359
model	assets/glassential/models/block/pane/glass_ghostly_pane_side_alt.json	228	22621b66c6bc32c69c41477e920ea5a0131364bb25bb45c6a152e8b9898d5dd9
model	assets/glassential/models/block/pane/glass_light_pane_noside.json	168	909b7de7cf55811fb8292ff0b39c1da9e8e6409d36e8572bc266dd5eaff67d47
model	assets/glassential/models/block/pane/glass_light_pane_noside_alt.json	172	a48782359c25d89406d57ba0b05e0db7b81fe6bfa811d09cd3ca2dbddb47ec64
model	assets/glassential/models/block/pane/glass_light_pane_post.json	220	3d8542c2b679d5c5e241e8a1a9ccd7cd86f3bf5e7e966dda8ef4314600d533bf
model	assets/glassential/models/block/pane/glass_light_pane_side.json	220	d15c0d3f55f6be6991072d9f70c7ed580cbb2e63247f781b2fdf871e915b91d8
model	assets/glassential/models/block/pane/glass_light_pane_side_alt.json	224	eea9c40a53ac4400b0e125d6970bf0e82a31feb372902bf658b55a37937bc036
model	assets/glassential/models/block/pane/glass_light_tinted_pane_noside.json	175	adb16269850c07901365d9a7479429e174525eb4ea94ecf69564b2ab74072959
model	assets/glassential/models/block/pane/glass_light_tinted_pane_noside_alt.json	179	faf55f7f6a4aba512800fd87baf5c3adc64de4fb9505faf0d63d0dbbd76a1f4b
model	assets/glassential/models/block/pane/glass_light_tinted_pane_post.json	227	da6637fa389874685f5d0071544bc7efec6dc3d50dc38f0be7caea0e8423e944
model	assets/glassential/models/block/pane/glass_light_tinted_pane_side.json	227	c330be33f9f76613746024a657106af1e1e4b66d9895067a47245d8b3f5a2386
model	assets/glassential/models/block/pane/glass_light_tinted_pane_side_alt.json	231	241214336d1a0839d9a18491ba8e9dd775a8b28c3a9cb7d1a92ead35058ef802
model	assets/glassential/models/block/pane/glass_redstone_pane_noside.json	171	f7c4c84af76e97f76d7bae294a607efedca64d1f7bd7bdd219196fc36d070a6b
model	assets/glassential/models/block/pane/glass_redstone_pane_noside_alt.json	175	ec10e403f7cd2c8be4e8f818326276b656b713e56c4179f2e2132bb17260192c
model	assets/glassential/models/block/pane/glass_redstone_pane_post.json	226	5b1d048ad5b2cbfa4bc706784d61e62709eca3fd316a692fef74d0e2eb25d5c0
model	assets/glassential/models/block/pane/glass_redstone_pane_side.json	226	90898dafa9e8d536ae372b3d2453160b2bc3f853fa0d9fa5a724fcf6baa4cd69
model	assets/glassential/models/block/pane/glass_redstone_pane_side_alt.json	230	c5a291a03294f5b1cae61b222a3884c2480d9a5b3675da14664ba68897f9fbe3
model	assets/glassential/models/block/pane/glass_redstone_tinted_pane_noside.json	178	d8c2efe5af8eae01dd9f172a842607feb149d376e8b1a5f55f1f505391467d33
model	assets/glassential/models/block/pane/glass_redstone_tinted_pane_noside_alt.json	182	8fac034c180e888480c25c0e3a2839085e30725859b0cd3219cf3a0811a9289e
model	assets/glassential/models/block/pane/glass_redstone_tinted_pane_post.json	233	9fa56bec8be7e35aa233735b833421621ae5fabdd23a85d6fde75548005fe68c
model	assets/glassential/models/block/pane/glass_redstone_tinted_pane_side.json	233	24dd436d57e59a4126fc6baaf2dac578e6e63c0908db79833fda25390d716be2
model	assets/glassential/models/block/pane/glass_redstone_tinted_pane_side_alt.json	237	03d17fb79afb250dc835fa4a372e2bd06d40c59ab79eb5c9e0d65483009778a9
model	assets/glassential/models/block/pane/template/template_glass_pane_noside.json	1580	0c13afe9dc9e9c960553bca1a35ae702c2345c99bfde39a441e193bbe533b93a
model	assets/glassential/models/block/pane/template/template_glass_pane_noside_alt.json	1579	0fdf0e31215ee3dbc85d9739c13e3b0babc493c2c11f8224b9a0223fbb394e58
model	assets/glassential/models/block/pane/template/template_glass_pane_post.json	456	4f163a41e01a2994900887872bc47af8b29a85e882d39a532fcf6b3c75b1d7a7
model	assets/glassential/models/block/pane/template/template_glass_pane_side.json	2266	8c8d5fc163a3dcb54a5720e8504e7fc6d6ad6e1404798fedf3c39a59c1adbdc5
model	assets/glassential/models/block/pane/template/template_glass_pane_side_alt.json	2271	f8fb5b31562bfecffee44746a687899323f5014be1c519209ea1b7c0dfeadc8b
model	assets/glassential/models/block/sandstone_glass.json	251	19a09e3be5fe42e40c880bda774efe056b8cca77408c35e3b55dce098ebb2c45
model	assets/glassential/models/block/stone_glass.json	247	bf004d06e05da88c679658b469737fb112969c2814fb6ba23a4f0d971d43f7e7
model	assets/glassential/models/block/tinted_one_way_glass.json	98	bb330db9d088c48706cc59a5ab3910bb8f07e40baa156f851768aa17da240083
texture	assets/glassential/textures/block/dark_ethereal.png	960	da29291497167296abb9460f9ce2c0200f224de36cb97a133c11a8d322134b01
metadata	assets/glassential/textures/block/dark_ethereal.png.mcmeta	105	f4075145d376681aafe8c1795b0803fdd3c9671c38adee6e9dba5f32b27515d1
texture	assets/glassential/textures/block/dark_ethereal_reverse.png	1224	6fd4b1ef9666280cf3222a7509c75e1bc57cc6524041f7f0d10ed21a528e97c8
metadata	assets/glassential/textures/block/dark_ethereal_reverse.png.mcmeta	105	f4075145d376681aafe8c1795b0803fdd3c9671c38adee6e9dba5f32b27515d1
texture	assets/glassential/textures/block/ethereal.png	782	ed46e4ed79e27274b319929c8f159e1033b6d17c42bc6b2db10a2ca68acf2407
metadata	assets/glassential/textures/block/ethereal.png.mcmeta	105	f4075145d376681aafe8c1795b0803fdd3c9671c38adee6e9dba5f32b27515d1
texture	assets/glassential/textures/block/ethereal_reverse.png	846	b833a8aa08a1c67df33176e68005062b59578ad4423fade44bf083228d8b91a0
metadata	assets/glassential/textures/block/ethereal_reverse.png.mcmeta	105	f4075145d376681aafe8c1795b0803fdd3c9671c38adee6e9dba5f32b27515d1
texture	assets/glassential/textures/block/ghostly.png	831	1e27f48220cb09e907711047612c7f25fc446840420d2239be45da31f7b53050
metadata	assets/glassential/textures/block/ghostly.png.mcmeta	105	f4075145d376681aafe8c1795b0803fdd3c9671c38adee6e9dba5f32b27515d1
texture	assets/glassential/textures/block/glass.png	1041	0a5534e6eb350dbce3670d9a4bc98f98ef20fb0747068d374f3529842b902370
metadata	assets/glassential/textures/block/glass.png.mcmeta	97	23117542de8eb132a734e588a7cac393e7d8375632e4df56cf31010a8360c719
texture	assets/glassential/textures/block/glass_dark_ethereal_pane_top.png	211	1c22fae7bf4ab9abd588bad3d5fcda35a769a425f0193469fe2e1badb6eb5dd8
texture	assets/glassential/textures/block/glass_ethereal_pane_top.png	142	8dcb933152a27eaec78e8b6848089a567cbd46085351847631100d55247255c2
texture	assets/glassential/textures/block/glass_for_slab.png	1502	f2586b43dc3d51f2b72037ea086a8ef394072c15f3ff645313eef0b89dd403b0
metadata	assets/glassential/textures/block/glass_for_slab.png.mcmeta	103	2708e46e4508620f5a36e0c8979db01fa2d318774b85a402623e67bc4591e7f9
texture	assets/glassential/textures/block/glass_ghostly_pane_top.png	122	2ba635dac0402696a4d6963ce8c93971165fb3256d05fa33d63af8880c46e7b9
texture	assets/glassential/textures/block/glass_light_pane_top.png	202	1acfffa674b25ba2ddeb9d4f2a99ab3fefdc2989c24354ae1d0a4059f197969a
texture	assets/glassential/textures/block/glass_redstone_pane_top.png	222	9ed0e02e0e510a9eb9f385b223f9ec997fee8a72d43d001085619422cae41b3f
texture	assets/glassential/textures/block/gravity_glass.png	1318	2c6b4cabeaecc78cda5081525a8aba7b83619a6fff7097785cf145f2d9787cb1
metadata	assets/glassential/textures/block/gravity_glass.png.mcmeta	105	0c17fcc94e84224d43ebdad3c95aa0e17ad18a2cec62d549f184e7210e9e73a8
texture	assets/glassential/textures/block/ice_glass.png	674	c3b9085932ad7e60dac1f9f35842e47bc66000137fd88555c2cd8e6249c1186d
metadata	assets/glassential/textures/block/ice_glass.png.mcmeta	105	0c17fcc94e84224d43ebdad3c95aa0e17ad18a2cec62d549f184e7210e9e73a8
texture	assets/glassential/textures/block/iron_glass.png	630	ac6a617c6836446f3415b2b7d3c8921b76ff624e472aaa8c8c443b4beea6dd98
metadata	assets/glassential/textures/block/iron_glass.png.mcmeta	105	0c17fcc94e84224d43ebdad3c95aa0e17ad18a2cec62d549f184e7210e9e73a8
texture	assets/glassential/textures/block/light.png	925	5d97a50bae8e505bc213db5c1731ead40bf23055546eb4f5356005ea1a1f569a
metadata	assets/glassential/textures/block/light.png.mcmeta	105	f4075145d376681aafe8c1795b0803fdd3c9671c38adee6e9dba5f32b27515d1
texture	assets/glassential/textures/block/light_tinted.png	790	dcba1184f84483e36ad50a157b5e8677f8cc73a77672e187ec33b7ed9d065c10
metadata	assets/glassential/textures/block/light_tinted.png.mcmeta	105	f4075145d376681aafe8c1795b0803fdd3c9671c38adee6e9dba5f32b27515d1
texture	assets/glassential/textures/block/obsidian_glass.png	1349	72bdb7eb614de1366c9f3e4761267f410bd622171373227f8740abb83a05bac4
metadata	assets/glassential/textures/block/obsidian_glass.png.mcmeta	103	2708e46e4508620f5a36e0c8979db01fa2d318774b85a402623e67bc4591e7f9
texture	assets/glassential/textures/block/redstone.png	597	05c5c255f1e971e0e37fe40c2c4ddc652562657abf3ec2cbd176c8948dc3c2a3
metadata	assets/glassential/textures/block/redstone.png.mcmeta	105	f4075145d376681aafe8c1795b0803fdd3c9671c38adee6e9dba5f32b27515d1
texture	assets/glassential/textures/block/redstone_tinted.png	514	84c5be06f52d4b1338607c18dc5709be661418ad0459f35bfd883e5f393294f5
metadata	assets/glassential/textures/block/redstone_tinted.png.mcmeta	105	f4075145d376681aafe8c1795b0803fdd3c9671c38adee6e9dba5f32b27515d1
texture	assets/glassential/textures/block/sandstone_glass.png	1471	eb562a4d0c07c7d19b2a537d03c5a4aedac6a76904c8635d2f0c526cbe009f58
metadata	assets/glassential/textures/block/sandstone_glass.png.mcmeta	103	2708e46e4508620f5a36e0c8979db01fa2d318774b85a402623e67bc4591e7f9
texture	assets/glassential/textures/block/stone_glass.png	1531	3c705740271d273c49d6b8f9bde3c50c0f181c87de77192669cfd2d742dad9ed
metadata	assets/glassential/textures/block/stone_glass.png.mcmeta	103	2708e46e4508620f5a36e0c8979db01fa2d318774b85a402623e67bc4591e7f9
texture	assets/glassential/textures/block/vanilla_glass/black_stained_glass.png	885	082db70ee5ab5a4bfea98198ab0c34057deb9e7540b5db98865a459b6aad7fd3
metadata	assets/glassential/textures/block/vanilla_glass/black_stained_glass.png.mcmeta	103	8387f7d6df5ac3826897f4c16607263495ef75f89a9f24562116decc099d1d93
texture	assets/glassential/textures/block/vanilla_glass/blue_stained_glass.png	914	e765da13075348ad33bb5fefb52ccd1d667e1939be0c3f98f0d137c7004c47b9
metadata	assets/glassential/textures/block/vanilla_glass/blue_stained_glass.png.mcmeta	103	8387f7d6df5ac3826897f4c16607263495ef75f89a9f24562116decc099d1d93
texture	assets/glassential/textures/block/vanilla_glass/brown_stained_glass.png	887	4ffaada5a9ea166be63535b514e7f607c7f27fdbea9651864830a239367b0346
metadata	assets/glassential/textures/block/vanilla_glass/brown_stained_glass.png.mcmeta	103	8387f7d6df5ac3826897f4c16607263495ef75f89a9f24562116decc099d1d93
texture	assets/glassential/textures/block/vanilla_glass/cyan_stained_glass.png	907	5377142621adad34f0a56d780cb46656720124ff012639fc89a8010fbacb4ed2
metadata	assets/glassential/textures/block/vanilla_glass/cyan_stained_glass.png.mcmeta	103	8387f7d6df5ac3826897f4c16607263495ef75f89a9f24562116decc099d1d93
texture	assets/glassential/textures/block/vanilla_glass/gray_stained_glass.png	911	aed473efe24a0519976c586d815e9a7c6718a839710b310a975a6177e6a43a30
metadata	assets/glassential/textures/block/vanilla_glass/gray_stained_glass.png.mcmeta	103	8387f7d6df5ac3826897f4c16607263495ef75f89a9f24562116decc099d1d93
texture	assets/glassential/textures/block/vanilla_glass/green_stained_glass.png	928	3da9a48f63674e10be860f1c155cee62d0a2cb61e51ffab0561d3d6f9fb94d3a
metadata	assets/glassential/textures/block/vanilla_glass/green_stained_glass.png.mcmeta	103	8387f7d6df5ac3826897f4c16607263495ef75f89a9f24562116decc099d1d93
texture	assets/glassential/textures/block/vanilla_glass/light_blue_stained_glass.png	903	291014986e5989f355bafe2b60f6e093c5e7333d7ade9e959a7a2e4ea834a0ad
metadata	assets/glassential/textures/block/vanilla_glass/light_blue_stained_glass.png.mcmeta	103	8387f7d6df5ac3826897f4c16607263495ef75f89a9f24562116decc099d1d93
texture	assets/glassential/textures/block/vanilla_glass/light_gray_stained_glass.png	930	f6e893d50ba4f10d454e3f3ada1c091f27e8c15d15d87a00b6cd94e755d70354
metadata	assets/glassential/textures/block/vanilla_glass/light_gray_stained_glass.png.mcmeta	103	8387f7d6df5ac3826897f4c16607263495ef75f89a9f24562116decc099d1d93
texture	assets/glassential/textures/block/vanilla_glass/lime_stained_glass.png	886	b4a7cda6ea5c22ae1c6f9ae01506330a06195f01d8e20e1f114d77f79303cc7a
metadata	assets/glassential/textures/block/vanilla_glass/lime_stained_glass.png.mcmeta	103	8387f7d6df5ac3826897f4c16607263495ef75f89a9f24562116decc099d1d93
texture	assets/glassential/textures/block/vanilla_glass/magenta_stained_glass.png	909	5df5475828cf7313659f4118a1d8a16974e391af8aee70a9bdc9974936c37bb4
metadata	assets/glassential/textures/block/vanilla_glass/magenta_stained_glass.png.mcmeta	103	8387f7d6df5ac3826897f4c16607263495ef75f89a9f24562116decc099d1d93
texture	assets/glassential/textures/block/vanilla_glass/orange_stained_glass.png	943	c3387e135585e247d7a7715a64f00ada3561fe42cdfe95d637ae37738c8341ff
metadata	assets/glassential/textures/block/vanilla_glass/orange_stained_glass.png.mcmeta	103	8387f7d6df5ac3826897f4c16607263495ef75f89a9f24562116decc099d1d93
texture	assets/glassential/textures/block/vanilla_glass/pink_stained_glass.png	929	91d9d563b008b2cc73356d427bfee865788b024ca3fe2978a92a1f8866c9920a
metadata	assets/glassential/textures/block/vanilla_glass/pink_stained_glass.png.mcmeta	103	8387f7d6df5ac3826897f4c16607263495ef75f89a9f24562116decc099d1d93
texture	assets/glassential/textures/block/vanilla_glass/purple_stained_glass.png	889	8c263fa52b3cd097f15b11a7f5fe0fe786254edbac79f18bf6d1f5d2e3f94dcb
metadata	assets/glassential/textures/block/vanilla_glass/purple_stained_glass.png.mcmeta	103	8387f7d6df5ac3826897f4c16607263495ef75f89a9f24562116decc099d1d93
texture	assets/glassential/textures/block/vanilla_glass/red_stained_glass.png	912	ff0c85e98ccb6abe2c46a092015c34b35b1c8f5369dbef9319384fe0754bd855
metadata	assets/glassential/textures/block/vanilla_glass/red_stained_glass.png.mcmeta	103	8387f7d6df5ac3826897f4c16607263495ef75f89a9f24562116decc099d1d93
texture	assets/glassential/textures/block/vanilla_glass/tinted_glass.png	1603	06fd57cbb5354feb2f037e425c311bb01cbf833774036983e9f45149d3b5021b
metadata	assets/glassential/textures/block/vanilla_glass/tinted_glass.png.mcmeta	103	8387f7d6df5ac3826897f4c16607263495ef75f89a9f24562116decc099d1d93
texture	assets/glassential/textures/block/vanilla_glass/white_stained_glass.png	864	a405d256af8f60b005fd3f95ae1f076610d0207f360c9aef019af68da8577e06
metadata	assets/glassential/textures/block/vanilla_glass/white_stained_glass.png.mcmeta	103	8387f7d6df5ac3826897f4c16607263495ef75f89a9f24562116decc099d1d93
texture	assets/glassential/textures/block/vanilla_glass/yellow_stained_glass.png	917	ea28ddbf777b0d3c4c7354931855ba8712646e5f8858bf35ef32e3e8188b6526
metadata	assets/glassential/textures/block/vanilla_glass/yellow_stained_glass.png.mcmeta	103	8387f7d6df5ac3826897f4c16607263495ef75f89a9f24562116decc099d1d93
model	assets/minecraft/models/block/black_stained_glass.json	219	3973e106242473aee6a64b0265efdcf7f88744903b97b6df29a85517fa707f05
model	assets/minecraft/models/block/blue_stained_glass.json	218	e385372111b2e868599182a79861124a67eaa5200d26a3029ae976ac6553b87b
model	assets/minecraft/models/block/brown_stained_glass.json	219	95dc8035d717c15a5604228cc870ffe7978d1cbdf0bfebd9e361db9726673f07
model	assets/minecraft/models/block/cyan_stained_glass.json	218	281694be8035792f0cf8e0500a81003f2d8e5366e00ea7dee0455be3bbf2148a
model	assets/minecraft/models/block/glass.json	192	dc3cf6fdf740fceb4d2224dcb4132ab103617d0b904fcbbf6b48dbee0ecc9e4e
model	assets/minecraft/models/block/gray_stained_glass.json	218	d3fac2dee7e1ae15dba3a990030ea3d0d02a2218998ef7d56652f7ca16e07dc9
model	assets/minecraft/models/block/green_stained_glass.json	219	bdee332904ddaa72babbef69c5f92b8b2cbc757539bb30d3be86b1c563543d37
model	assets/minecraft/models/block/light_blue_stained_glass.json	224	11fbf77bdbc793c3aa28cbef259773eaa6298db300e7f439c362f5fe1cfb2528
model	assets/minecraft/models/block/light_gray_stained_glass.json	224	f2044de9190f38593353cfdbf8d3e92b7b2335472b8cc6bf8d2988e5628d1d7a
model	assets/minecraft/models/block/lime_stained_glass.json	218	7b72cc62b7e5ba80c32dcfc6bb0d687dd12a2e2d97ab9a85517d17b55d1137da
model	assets/minecraft/models/block/magenta_stained_glass.json	221	c0f7355d08093eb26bc6dc5043428b859de4166608b55e34b866d835280079b2
model	assets/minecraft/models/block/orange_stained_glass.json	220	188a5af3535a4fef6613f779981f28568a28ba47f400166172e3b9ca80c1abc2
model	assets/minecraft/models/block/pink_stained_glass.json	218	af64cca1e905d4b0abde3401231b9967cdc7b97ce9615ddd0a6a189fa8cb7947
model	assets/minecraft/models/block/purple_stained_glass.json	220	25926e1c48e480f9a62ae911de60839e51c6ba317a1888e605fecb9d86ef963e
model	assets/minecraft/models/block/red_stained_glass.json	217	cd70428eb4ad31da0cda21d58d409df3f56c7c4c39269a54483171066efd03a5
model	assets/minecraft/models/block/tinted_glass.json	212	fd8a48899f8913753765ea2ef6f82826dc18a8446a1fc104f22649c12f2cc1be
model	assets/minecraft/models/block/white_stained_glass.json	219	f328f52ce7566f016c8a5f50fc1c043d4b655443fb0de12a70fa000329ef60d5
model	assets/minecraft/models/block/yellow_stained_glass.json	220	b403557e58e6b4e324aecbc7874520dfdedba744fca4977a0635548ac5534ccd
