glassential:block/dark_ethereal	simple	64	64	f4075145d376681aafe8c1795b0803fdd3c9671c38adee6e9dba5f32b27515d1
glassential:block/dark_ethereal_reverse	simple	64	64	f4075145d376681aafe8c1795b0803fdd3c9671c38adee6e9dba5f32b27515d1
glassential:block/ethereal	simple	64	64	f4075145d376681aafe8c1795b0803fdd3c9671c38adee6e9dba5f32b27515d1
glassential:block/ethereal_reverse	simple	64	64	f4075145d376681aafe8c1795b0803fdd3c9671c38adee6e9dba5f32b27515d1
glassential:block/ghostly	simple	64	64	f4075145d376681aafe8c1795b0803fdd3c9671c38adee6e9dba5f32b27515d1
glassential:block/glass	full	128	128	23117542de8eb132a734e588a7cac393e7d8375632e4df56cf31010a8360c719
glassential:block/glass_dark_ethereal_pane_top	plain	16	16	-
glassential:block/glass_ethereal_pane_top	plain	16	16	-
glassential:block/glass_for_slab	full	128	128	2708e46e4508620f5a36e0c8979db01fa2d318774b85a402623e67bc4591e7f9
glassential:block/glass_ghostly_pane_top	plain	16	16	-
glassential:block/glass_light_pane_top	plain	16	16	-
glassential:block/glass_redstone_pane_top	plain	16	16	-
glassential:block/gravity_glass	pieced	80	16	0c17fcc94e84224d43ebdad3c95aa0e17ad18a2cec62d549f184e7210e9e73a8
glassential:block/ice_glass	pieced	80	16	0c17fcc94e84224d43ebdad3c95aa0e17ad18a2cec62d549f184e7210e9e73a8
glassential:block/iron_glass	pieced	80	16	0c17fcc94e84224d43ebdad3c95aa0e17ad18a2cec62d549f184e7210e9e73a8
glassential:block/light	simple	64	64	f4075145d376681aafe8c1795b0803fdd3c9671c38adee6e9dba5f32b27515d1
glassential:block/light_tinted	simple	64	64	f4075145d376681aafe8c1795b0803fdd3c9671c38adee6e9dba5f32b27515d1
glassential:block/obsidian_glass	full	128	128	2708e46e4508620f5a36e0c8979db01fa2d318774b85a402623e67bc4591e7f9
glassential:block/redstone	simple	64	64	f4075145d376681aafe8c1795b0803fdd3c9671c38adee6e9dba5f32b27515d1
glassential:block/redstone_tinted	simple	64	64	f4075145d376681aafe8c1795b0803fdd3c9671c38adee6e9dba5f32b27515d1
glassential:block/sandstone_glass	full	128	128	2708e46e4508620f5a36e0c8979db01fa2d318774b85a402623e67bc4591e7f9
glassential:block/stone_glass	full	128	128	2708e46e4508620f5a36e0c8979db01fa2d318774b85a402623e67bc4591e7f9
glassential:block/vanilla_glass/black_stained_glass	full	128	128	8387f7d6df5ac3826897f4c16607263495ef75f89a9f24562116decc099d1d93
glassential:block/vanilla_glass/blue_stained_glass	full	128	128	8387f7d6df5ac3826897f4c16607263495ef75f89a9f24562116decc099d1d93
glassential:block/vanilla_glass/brown_stained_glass	full	128	128	8387f7d6df5ac3826897f4c16607263495ef75f89a9f24562116decc099d1d93
glassential:block/vanilla_glass/cyan_stained_glass	full	128	128	8387f7d6df5ac3826897f4c16607263495ef75f89a9f24562116decc099d1d93
glassential:block/vanilla_glass/gray_stained_glass	full	128	128	8387f7d6df5ac3826897f4c16607263495ef75f89a9f24562116decc099d1d93
glassential:block/vanilla_glass/green_stained_glass	full	128	128	8387f7d6df5ac3826897f4c16607263495ef75f89a9f24562116decc099d1d93
glassential:block/vanilla_glass/light_blue_stained_glass	full	128	128	8387f7d6df5ac3826897f4c16607263495ef75f89a9f24562116decc099d1d93
glassential:block/vanilla_glass/light_gray_stained_glass	full	128	128	8387f7d6df5ac3826897f4c16607263495ef75f89a9f24562116decc099d1d93
glassential:block/vanilla_glass/lime_stained_glass	full	128	128	8387f7d6df5ac3826897f4c16607263495ef75f89a9f24562116decc099d1d93
glassential:block/vanilla_glass/magenta_stained_glass	full	128	128	8387f7d6df5ac3826897f4c16607263495ef75f89a9f24562116decc099d1d93
glassential:block/vanilla_glass/orange_stained_glass	full	128	128	8387f7d6df5ac3826897f4c16607263495ef75f89a9f24562116decc099d1d93
glassential:block/vanilla_glass/pink_stained_glass	full	128	128	8387f7d6df5ac3826897f4c16607263495ef75f89a9f24562116decc099d1d93
glassential:block/vanilla_glass/purple_stained_glass	full	128	128	8387f7d6df5ac3826897f4c16607263495ef75f89a9f24562116decc099d1d93
glassential:block/vanilla_glass/red_stained_glass	full	128	128	8387f7d6df5ac3826897f4c16607263495ef75f89a9f24562116decc099d1d93
glassential:block/vanilla_glass/tinted_glass	full	128	128	8387f7d6df5ac3826897f4c16607263495ef75f89a9f24562116decc099d1d93
glassential:block/vanilla_glass/white_stained_glass	full	128	128	8387f7d6df5ac3826897f4c16607263495ef75f89a9f24562116decc099d1d93
glassential:block/vanilla_glass/yellow_stained_glass	full	128	128	8387f7d6df5ac3826897f4c16607263495ef75f89a9f24562116decc099d1d93
